Master Of None,Beach House
World In Motion,New Order
Versace Python,Riff Raff
Return Of The Mack - C & J Street Mix,Mark Morrison
Capitol,TR/ST
I Shall Be Released - Remastered,Nina Simone
Summer Madness,Kool & The Gang
I'm In Love,Fool's Gold
Look At Wrist,Father
NOBO,Tijuana Panthers
Annie,Neon Indian
Ego Free Sex Free,Autre Ne Veut
Fake Tales Of San Francisco,Arctic Monkeys
Double Bubble Trouble,M.I.A.
Operate,ASTR
Pass The Dutchie,Musical Youth
Upper Echelon,Travis Scott
Like Lust,MOVEMENT
Rill Rill,Sleigh Bells
Auditorium,Mos Def
Acamar,Frankey
Freak Connection - Edit,Cerrone
What I Might Do,Ben Pearce
Champagne Coast,Blood Orange
Lets Start the Dance,Bohannon
5ft7,Tonstartssbandht
Who Is He And What Is He To You,Creative Source
Outlaw,War
Obedear,Purity Ring
It's Not My Fault, I'm Happy,Passion Pit
Michael Jackson,Das Racist
Punch Drunk Love,Teams vs. Star Slinger
White Horse,Laid Back
Love In Motion - feat. Mayer Hawthorne,Sebastian
La Funky,Destructo feat. Oliver
Walk With Me,Memoryhouse
Don't Owe You a Thang,Gary Clark Jr.
Pictures Of Matchstick Men,Status Quo
Get Up,Craig Bratley
Under Mi Sensi,Barrington Levy
Murderer,Barrington Levy
Wait for the Man,FIDLAR
Love Sosa,Chief Keef
All Gold Everything,Trinidad James
HLM 3,Lunatic
Trap Shit V7,UZ
Good Life - Original 12'' Mix,Inner City
Borderline,Classixx
Reckless (With Your Love),Azari & III
No Way Back,Adonis
Strictly 4 My Jeeps,Action Bronson
Marc Jacobs,Riff Raff
Stoned and Starving,Parquet Courts
You're Not Good Enough,Blood Orange
White Noise,Disclosure
Here Comes The Night Time II,Arcade Fire
Warm In The Winter,Glass Candy
Man Of The Year,ScHoolboy Q
Spacer Woman - Vocal,Charlie
Independent - House Remix,Hoodfellas
Au Seve,Julio Bashmore
My Sunshine,Ty Segall
Tupelo - Part 1,Pop Staples
Damn Son Where'd You Find This? (feat. Kelly Holiday) - Markus Maximus Remix,Markus Maximus
Black Boy,Pops Staples
Breakthrough,The Funkees
I Want'a Do Something Freaky To You,Leon Haywood
Standard,Empress Of
What I Might Do - Club Mix,Ben Pearce
Do You Love Me,The Contours
Sunshine Of Your Love,Cream
Taifa - The Emperor Machine Mix,Partial Arts
Taifa,Partial Arts
Make It,Patrick Di Stefano
Akue We Non Houme - Jerk Fon,T. P. Orchestre Poly-Rythmo
Ole,The Funkees
Oogum Boogum Song,Brenton Wood
Way Down We Go,Kaleo
You,Ejeca
Mary Jane (Jamie Xx - Girl Remix),Jamie xx
One Who Lost,DJ Dodger Stadium
Ohye Atar Gyan,Ebo Taylor
I'm Walkin' - 2002 Digital Remaster,Fats Domino
Let Me Try,Kaleidoscope
Carl Sagan,Night Moves
Virile,The Blaze
Let Me Tell U,Jimmy Edgar
Wonky Bassline Disco Banger,Red Rack'Em
Remember,Gino Soccio
Operator (Ring Ring) ft. Dances With White Girls,Chris Lake
Big Jet Plane - Animal Trainer Remix,Jan Blomqvist
Truths & Rights,Johnny Osbourne
For Free,DJ Khaled
Queen,Perfume Genius
Forgiven/Forgotten,Angel Olsen
Turn Down for What,DJ Snake
Kyoto (feat. Sirah),Skrillex
HOW WAS YOUR DAY,Sugarbowl
Wildfire,Demi Lovato
I'll Wait And Pray,John Coltrane
Mommy's Shawl,Yelena Eckemoff
Ballad for MC,Grace Kelly
The Sweetest Nighlife,Ellie & The Bunch
Journey Into Melody - 2007 Digital Remaster,Stanley Turrentine
I'm Glad There Is You,Bill Mobley
The Nearness of You,Joshua Redman
Where or When,Wynton Marsalis
Good Morning Heartache,Scott Hamilton
Can't Help Loving,Beegie Adair
When Sunny Gets Blue,McCoy Tyner
Emperor Jones - Instrumental,Joe Lovano
Isadora,Christian Scott
I Didn't Know About You,Johnny Hodges
Fools Rush In,Teddy Wilson
Dreamsville,David Halliday
The Peacocks,Anthony Wonsey Trio
8 Fantasiestücke, Op.12 : 1. Des Abends,Robert Schumann
String Quartet No. 5 in C Major, Op. 29, "Serenade": II. Ballata: Allegretto scherzando,Wilhelm Stenhammar
Close,IZECOLD
You,Galantis
Calling (Lose My Mind) - Radio Edit,Sebastian Ingrosso
Summer Dreams,Michael Brun
Freak,Friction
Look At Me,Geri Halliwell
There's No One Quite Like Grandma - 2003 Remastered Version,St. Winifred's School Choir
